[
    {
        "date": "2026-01-16",
        "jourSemaine": "Vendredi",
        "statut": "COMPLET",
        "numeroSemaine": 1
    },
    {
        "date": "2026-01-17",
        "jourSemaine": "Samedi",
        "statut": "CONGÉ",
        "numeroSemaine": 0
    },
    {
        "date": "2026-01-18",
        "jourSemaine": "Dimanche",
        "statut": "CONGÉ",
        "numeroSemaine": 0
    },
    {
        "date": "2026-01-19",
        "jourSemaine": "Lundi",
        "statut": "COMPLET",
        "numeroSemaine": 1
    },
    {
        "date": "2026-01-20",
        "jourSemaine": "Mardi",
        "statut": "COMPLET",
        "numeroSemaine": 1
    },
    {
        "date": "2026-01-21",
        "jourSemaine": "Mercredi",
        "statut": "COMPLET",
        "numeroSemaine": 1
    },
    {
        "date": "2026-01-22",
        "jourSemaine": "Jeudi",
        "statut": "COMPLET",
        "numeroSemaine": 1
    },
    {
        "date": "2026-01-23",
        "jourSemaine": "Vendredi",
        "statut": "COMPLET",
        "numeroSemaine": 2
    },
    {
        "date": "2026-01-24",
        "jourSemaine": "Samedi",
        "statut": "CONGÉ",
        "numeroSemaine": 0
    },
    {
        "date": "2026-01-25",
        "jourSemaine": "Dimanche",
        "statut": "CONGÉ",
        "numeroSemaine": 0
    },
    {
        "date": "2026-01-26",
        "jourSemaine": "Lundi",
        "statut": "COMPLET",
        "numeroSemaine": 2
    },
    {
        "date": "2026-01-27",
        "jourSemaine": "Mardi",
        "statut": "COMPLET",
        "numeroSemaine": 2
    },
    {
        "date": "2026-01-28",
        "jourSemaine": "Mercredi",
        "statut": "COMPLET",
        "numeroSemaine": 2
    },
    {
        "date": "2026-01-29",
        "jourSemaine": "Jeudi",
        "statut": "COMPLET",
        "numeroSemaine": 2
    },
    {
        "date": "2026-01-30",
        "jourSemaine": "Vendredi",
        "statut": "COMPLET",
        "numeroSemaine": 3
    },
    {
        "date": "2026-01-31",
        "jourSemaine": "Samedi",
        "statut": "CONGÉ",
        "numeroSemaine": 0
    },
    {
        "date": "2026-02-01",
        "jourSemaine": "Dimanche",
        "statut": "CONGÉ",
        "numeroSemaine": 0
    },
    {
        "date": "2026-02-02",
        "jourSemaine": "Lundi",
        "statut": "COMPLET",
        "numeroSemaine": 3
    },
    {
        "date": "2026-02-03",
        "jourSemaine": "Mardi",
        "statut": "COMPLET",
        "numeroSemaine": 3
    },
    {
        "date": "2026-02-04",
        "jourSemaine": "Mercredi",
        "statut": "COMPLET",
        "numeroSemaine": 3
    },
    {
        "date": "2026-02-05",
        "jourSemaine": "Jeudi",
        "statut": "COMPLET",
        "numeroSemaine": 3
    },
    {
        "date": "2026-02-06",
        "jourSemaine": "Vendredi",
        "statut": "COMPLET",
        "numeroSemaine": 4
    },
    {
        "date": "2026-02-07",
        "jourSemaine": "Samedi",
        "statut": "CONGÉ",
        "numeroSemaine": 0
    },
    {
        "date": "2026-02-08",
        "jourSemaine": "Dimanche",
        "statut": "CONGÉ",
        "numeroSemaine": 0
    },
    {
        "date": "2026-02-09",
        "jourSemaine": "Lundi",
        "statut": "COMPLET",
        "numeroSemaine": 4
    },
    {
        "date": "2026-02-10",
        "jourSemaine": "Mardi",
        "statut": "COMPLET",
        "numeroSemaine": 4
    },
    {
        "date": "2026-02-11",
        "jourSemaine": "Mercredi",
        "statut": "COMPLET",
        "numeroSemaine": 4
    },
    {
        "date": "2026-02-12",
        "jourSemaine": "Jeudi",
        "statut": "COMPLET",
        "numeroSemaine": 4
    },
    {
        "date": "2026-02-13",
        "jourSemaine": "Vendredi",
        "statut": "COMPLET",
        "numeroSemaine": 5
    },
    {
        "date": "2026-02-14",
        "jourSemaine": "Samedi",
        "statut": "CONGÉ",
        "numeroSemaine": 0
    },
    {
        "date": "2026-02-15",
        "jourSemaine": "Dimanche",
        "statut": "CONGÉ",
        "numeroSemaine": 0
    },
    {
        "date": "2026-02-16",
        "jourSemaine": "Lundi",
        "statut": "COMPLET",
        "numeroSemaine": 5
    },
    {
        "date": "2026-02-17",
        "jourSemaine": "Mardi",
        "statut": "COMPLET",
        "numeroSemaine": 5
    },
    {
        "date": "2026-02-18",
        "jourSemaine": "Mercredi",
        "statut": "COMPLET",
        "numeroSemaine": 5
    },
    {
        "date": "2026-02-19",
        "jourSemaine": "Jeudi",
        "statut": "COMPLET",
        "numeroSemaine": 5
    },
    {
        "date": "2026-02-20",
        "jourSemaine": "Vendredi",
        "statut": "COMPLET",
        "numeroSemaine": 6
    },
    {
        "date": "2026-02-21",
        "jourSemaine": "Samedi",
        "statut": "CONGÉ",
        "numeroSemaine": 0
    },
    {
        "date": "2026-02-22",
        "jourSemaine": "Dimanche",
        "statut": "CONGÉ",
        "numeroSemaine": 0
    },
    {
        "date": "2026-02-23",
        "jourSemaine": "Lundi",
        "statut": "COMPLET",
        "numeroSemaine": 6
    },
    {
        "date": "2026-02-24",
        "jourSemaine": "Mardi",
        "statut": "COMPLET",
        "numeroSemaine": 6
    },
    {
        "date": "2026-02-25",
        "jourSemaine": "Mercredi",
        "statut": "COMPLET",
        "numeroSemaine": 6
    },
    {
        "date": "2026-02-26",
        "jourSemaine": "Jeudi",
        "statut": "COMPLET",
        "numeroSemaine": 6
    },
    {
        "date": "2026-02-27",
        "jourSemaine": "Vendredi",
        "statut": "COMPLET",
        "numeroSemaine": 7
    },
    {
        "date": "2026-02-28",
        "jourSemaine": "Samedi",
        "statut": "CONGÉ",
        "numeroSemaine": 0
    },
    {
        "date": "2026-03-01",
        "jourSemaine": "Dimanche",
        "statut": "CONGÉ",
        "numeroSemaine": 0
    },
    {
        "date": "2026-03-02",
        "jourSemaine": "Lundi",
        "statut": "CONGÉ",
        "numeroSemaine": 0
    },
    {
        "date": "2026-03-03",
        "jourSemaine": "Mardi",
        "statut": "CONGÉ",
        "numeroSemaine": 0
    },
    {
        "date": "2026-03-04",
        "jourSemaine": "Mercredi",
        "statut": "CONGÉ",
        "numeroSemaine": 0
    },
    {
        "date": "2026-03-05",
        "jourSemaine": "Jeudi",
        "statut": "CONGÉ",
        "numeroSemaine": 0
    },
    {
        "date": "2026-03-06",
        "jourSemaine": "Vendredi",
        "statut": "CONGÉ",
        "numeroSemaine": 0
    },
    {
        "date": "2026-03-07",
        "jourSemaine": "Samedi",
        "statut": "CONGÉ",
        "numeroSemaine": 0
    },
    {
        "date": "2026-03-08",
        "jourSemaine": "Dimanche",
        "statut": "CONGÉ",
        "numeroSemaine": 0
    },
    {
        "date": "2026-03-09",
        "jourSemaine": "Lundi",
        "statut": "COMPLET",
        "numeroSemaine": 7
    },
    {
        "date": "2026-03-10",
        "jourSemaine": "Mardi",
        "statut": "COMPLET",
        "numeroSemaine": 7
    },
    {
        "date": "2026-03-11",
        "jourSemaine": "Mercredi",
        "statut": "COMPLET",
        "numeroSemaine": 7
    },
    {
        "date": "2026-03-12",
        "jourSemaine": "Jeudi",
        "statut": "COMPLET",
        "numeroSemaine": 7
    },
    {
        "date": "2026-03-13",
        "jourSemaine": "Vendredi",
        "statut": "COMPLET",
        "numeroSemaine": 8
    },
    {
        "date": "2026-03-14",
        "jourSemaine": "Samedi",
        "statut": "CONGÉ",
        "numeroSemaine": 0
    },
    {
        "date": "2026-03-15",
        "jourSemaine": "Dimanche",
        "statut": "CONGÉ",
        "numeroSemaine": 0
    },
    {
        "date": "2026-03-16",
        "jourSemaine": "Lundi",
        "statut": "COMPLET",
        "numeroSemaine": 8
    },
    {
        "date": "2026-03-17",
        "jourSemaine": "Mardi",
        "statut": "COMPLET",
        "numeroSemaine": 8
    },
    {
        "date": "2026-03-18",
        "jourSemaine": "Mercredi",
        "statut": "COMPLET",
        "numeroSemaine": 8
    },
    {
        "date": "2026-03-19",
        "jourSemaine": "Jeudi",
        "statut": "COMPLET",
        "numeroSemaine": 8
    },
    {
        "date": "2026-03-20",
        "jourSemaine": "Vendredi",
        "statut": "COMPLET",
        "numeroSemaine": 9
    },
    {
        "date": "2026-03-21",
        "jourSemaine": "Samedi",
        "statut": "CONGÉ",
        "numeroSemaine": 0
    },
    {
        "date": "2026-03-22",
        "jourSemaine": "Dimanche",
        "statut": "CONGÉ",
        "numeroSemaine": 0
    },
    {
        "date": "2026-03-23",
        "jourSemaine": "Lundi",
        "statut": "COMPLET",
        "numeroSemaine": 9
    },
    {
        "date": "2026-03-24",
        "jourSemaine": "Mardi",
        "statut": "CONGÉ",
        "numeroSemaine": 0
    },
    {
        "date": "2026-03-25",
        "jourSemaine": "Mercredi",
        "statut": "COMPLET",
        "numeroSemaine": 9
    },
    {
        "date": "2026-03-26",
        "jourSemaine": "Jeudi",
        "statut": "COMPLET",
        "numeroSemaine": 9
    },
    {
        "date": "2026-03-27",
        "jourSemaine": "Mardi",
        "statut": "COMPLET",
        "numeroSemaine": 9
    },
    {
        "date": "2026-03-28",
        "jourSemaine": "Samedi",
        "statut": "CONGÉ",
        "numeroSemaine": 0
    },
    {
        "date": "2026-03-29",
        "jourSemaine": "Dimanche",
        "statut": "CONGÉ",
        "numeroSemaine": 0
    },
    {
        "date": "2026-03-30",
        "jourSemaine": "Lundi",
        "statut": "COMPLET",
        "numeroSemaine": 10
    },
    {
        "date": "2026-03-31",
        "jourSemaine": "Mardi",
        "statut": "COMPLET",
        "numeroSemaine": 10
    },
    {
        "date": "2026-04-01",
        "jourSemaine": "Mercredi",
        "statut": "COMPLET",
        "numeroSemaine": 10
    },
    {
        "date": "2026-04-02",
        "jourSemaine": "Jeudi",
        "statut": "COMPLET",
        "numeroSemaine": 10
    },
    {
        "date": "2026-04-03",
        "jourSemaine": "Vendredi",
        "statut": "CONGÉ",
        "numeroSemaine": 0
    },
    {
        "date": "2026-04-04",
        "jourSemaine": "Samedi",
        "statut": "CONGÉ",
        "numeroSemaine": 0
    },
    {
        "date": "2026-04-05",
        "jourSemaine": "Dimanche",
        "statut": "CONGÉ",
        "numeroSemaine": 0
    },
    {
        "date": "2026-04-06",
        "jourSemaine": "Lundi",
        "statut": "CONGÉ",
        "numeroSemaine": 0
    },
    {
        "date": "2026-04-07",
        "jourSemaine": "Mardi",
        "statut": "COMPLET",
        "numeroSemaine": 11
    },
    {
        "date": "2026-04-08",
        "jourSemaine": "Mercredi",
        "statut": "COMPLET",
        "numeroSemaine": 11
    },
    {
        "date": "2026-04-09",
        "jourSemaine": "Jeudi",
        "statut": "COMPLET",
        "numeroSemaine": 11
    },
    {
        "date": "2026-04-10",
        "jourSemaine": "Vendredi",
        "statut": "COMPLET",
        "numeroSemaine": 10
    },
    {
        "date": "2026-04-11",
        "jourSemaine": "Samedi",
        "statut": "CONGÉ",
        "numeroSemaine": 0
    },
    {
        "date": "2026-04-12",
        "jourSemaine": "Dimanche",
        "statut": "CONGÉ",
        "numeroSemaine": 0
    },
    {
        "date": "2026-04-13",
        "jourSemaine": "Lundi",
        "statut": "COMPLET",
        "numeroSemaine": 11
    },
    {
        "date": "2026-04-14",
        "jourSemaine": "Mardi",
        "statut": "COMPLET",
        "numeroSemaine": 12
    },
    {
        "date": "2026-04-15",
        "jourSemaine": "Mercredi",
        "statut": "COMPLET",
        "numeroSemaine": 12
    },
    {
        "date": "2026-04-16",
        "jourSemaine": "Jeudi",
        "statut": "COMPLET",
        "numeroSemaine": 12
    },
    {
        "date": "2026-04-17",
        "jourSemaine": "Vendredi",
        "statut": "COMPLET",
        "numeroSemaine": 11
    },
    {
        "date": "2026-04-18",
        "jourSemaine": "Samedi",
        "statut": "CONGÉ",
        "numeroSemaine": 0
    },
    {
        "date": "2026-04-19",
        "jourSemaine": "Dimanche",
        "statut": "CONGÉ",
        "numeroSemaine": 0
    },
    {
        "date": "2026-04-20",
        "jourSemaine": "Lundi",
        "statut": "COMPLET",
        "numeroSemaine": 12
    },
    {
        "date": "2026-04-21",
        "jourSemaine": "Mardi",
        "statut": "COMPLET",
        "numeroSemaine": 13
    },
    {
        "date": "2026-04-22",
        "jourSemaine": "Mercredi",
        "statut": "COMPLET",
        "numeroSemaine": 13
    },
    {
        "date": "2026-04-23",
        "jourSemaine": "Vendredi",
        "statut": "COMPLET",
        "numeroSemaine": 12
    },
    {
        "date": "2026-04-24",
        "jourSemaine": "Vendredi",
        "statut": "CONGÉ",
        "numeroSemaine": 0
    },
    {
        "date": "2026-04-25",
        "jourSemaine": "Samedi",
        "statut": "CONGÉ",
        "numeroSemaine": 0
    },
    {
        "date": "2026-04-26",
        "jourSemaine": "Dimanche",
        "statut": "CONGÉ",
        "numeroSemaine": 0
    },
    {
        "date": "2026-04-27",
        "jourSemaine": "Lundi",
        "statut": "COMPLET",
        "numeroSemaine": 13
    },
    {
        "date": "2026-04-28",
        "jourSemaine": "Vendredi",
        "statut": "COMPLET",
        "numeroSemaine": 13
    },
    {
        "date": "2026-04-29",
        "jourSemaine": "Mercredi",
        "statut": "COMPLET",
        "numeroSemaine": 14
    },
    {
        "date": "2026-04-30",
        "jourSemaine": "Jeudi",
        "statut": "COMPLET",
        "numeroSemaine": 13
    },
    {
        "date": "2026-05-01",
        "jourSemaine": "Vendredi",
        "statut": "CONGÉ",
        "numeroSemaine": 0
    },
    {
        "date": "2026-05-02",
        "jourSemaine": "Samedi",
        "statut": "CONGÉ",
        "numeroSemaine": 0
    },
    {
        "date": "2026-05-03",
        "jourSemaine": "Dimanche",
        "statut": "CONGÉ",
        "numeroSemaine": 0
    },
    {
        "date": "2026-05-04",
        "jourSemaine": "Lundi",
        "statut": "COMPLET",
        "numeroSemaine": 14
    },
    {
        "date": "2026-05-05",
        "jourSemaine": "Mardi",
        "statut": "COMPLET",
        "numeroSemaine": 14
    },
    {
        "date": "2026-05-06",
        "jourSemaine": "Mercredi",
        "statut": "COMPLET",
        "numeroSemaine": 15
    },
    {
        "date": "2026-05-07",
        "jourSemaine": "Jeudi",
        "statut": "COMPLET",
        "numeroSemaine": 14
    },
    {
        "date": "2026-05-08",
        "jourSemaine": "Vendredi",
        "statut": "COMPLET",
        "numeroSemaine": 14
    },
    {
        "date": "2026-05-09",
        "jourSemaine": "Samedi",
        "statut": "CONGÉ",
        "numeroSemaine": 0
    },
    {
        "date": "2026-05-10",
        "jourSemaine": "Dimanche",
        "statut": "CONGÉ",
        "numeroSemaine": 0
    },
    {
        "date": "2026-05-11",
        "jourSemaine": "Lundi",
        "statut": "COMPLET",
        "numeroSemaine": 15
    },
    {
        "date": "2026-05-12",
        "jourSemaine": "Mardi",
        "statut": "COMPLET",
        "numeroSemaine": 15
    },
    {
        "date": "2026-05-13",
        "jourSemaine": "Mercredi",
        "statut": "CONGÉ",
        "numeroSemaine": 0
    },
    {
        "date": "2026-05-14",
        "jourSemaine": "Jeudi",
        "statut": "COMPLET",
        "numeroSemaine": 15
    },
    {
        "date": "2026-05-15",
        "jourSemaine": "Vendredi",
        "statut": "COMPLET",
        "numeroSemaine": 15
    }
]